<keymap version="1" name="Default copy" parent="$default">
  <action id="ActivateLogcatToolWindow">
    <keyboard-shortcut first-keystroke="alt 6" />
  </action>
  <action id="ActivateTODOToolWindow" />
  <action id="Android.SyncProject">
    <keyboard-shortcut first-keystroke="alt s" />
  </action>
  <action id="CleanGradleProject">
    <keyboard-shortcut first-keystroke="alt c" />
  </action>
  <action id="CloseAllEditorsButActive">
    <keyboard-shortcut first-keystroke="ctrl alt x" />
  </action>
  <action id="CopyPaths" />
  <action id="InspectCode">
    <keyboard-shortcut first-keystroke="shift ctrl alt i" />
  </action>
  <action id="RearrangeCode">
    <keyboard-shortcut first-keystroke="ctrl alt r" />
  </action>
  <action id="RebuildGradleProject">
    <keyboard-shortcut first-keystroke="alt r" />
  </action>
  <action id="RenameFile">
    <keyboard-shortcut first-keystroke="alt f6" />
  </action>
  <action id="RunInspection" />
  <action id="SplitVertically">
    <keyboard-shortcut first-keystroke="alt v" />
  </action>
  <action id="SurroundWith">
    <keyboard-shortcut first-keystroke="shift ctrl s" />
  </action>
  <action id="UpdateRunningApplication" />
  <action id="XDebugger.Inspect">
    <keyboard-shortcut first-keystroke="shift i" />
  </action>
  <action id="XDebugger.MuteBreakpoints">
    <keyboard-shortcut first-keystroke="shift space" />
  </action>
  <action id="android.deploy.ApplyChanges">
    <keyboard-shortcut first-keystroke="ctrl f10" />
  </action>
  <action id="android.deploy.CodeSwap">
    <keyboard-shortcut first-keystroke="ctrl alt f10" />
  </action>
</keymap>